leading_item_id,following_item_id,value
AANGBULD,DDEXPPXU,30717
AANGBULD,GKQIJYDH,10076701
AANGBULD,GYHKIVQT,27779381
AANGBULD,HCDTGMST,77508
AANGBULD,IGDVVKUD,36949
AANGBULD,KJNSOAHR,11534267
AANGBULD,OJIFIHMZ,2668120
AANGBULD,OXKURKXR,112591
AANGBULD,UIFPPCLR,99704
AANGBULD,XIIEJNEE,82837
AHMDUILJ,AANGBULD,372221
AHMDUILJ,ATLDMDBO,36381591
AHMDUILJ,ELQGMQWE,624431
AHMDUILJ,GKQIJYDH,10076701
AHMDUILJ,JERHKLYW,38336
AHMDUILJ,MIRCVAMV,68760
AHMDUILJ,OJIFIHMZ,2668120
AHMDUILJ,SAHWCZNH,2106377
AHMDUILJ,SNHYOVBM,341967
AHMDUILJ,TGOELCAG,236620
AHMDUILJ,UGEQLMXM,222275
AHMDUILJ,UIFPPCLR,99704
AHMDUILJ,XIIEJNEE,82837
AHMDUILJ,ZCELVYQU,146542
ANWUJOKX,AHMDUILJ,123693
ANWUJOKX,BTMOEMEP,9710981
ANWUJOKX,LPHPPJUG,1210984
ANWUJOKX,OGAFEHLU,30717
ANWUJOKX,PLMZALFA,30717
ANWUJOKX,STZDBITS,29055808
ANWUJOKX,TANNMIMB,30717
ANWUJOKX,UQYUIVVR,6321125
ANWUJOKX,XIPPENFQ,130029
ANWUJOKX,XMKRPGLB,1583470
ANWUJOKX,ZKENOUDA,330608
APQGTRMF,DBWLZWNK,196483
APQGTRMF,SNHYOVBM,341967
APQGTRMF,UGEQLMXM,222275
APQGTRMF,WQMVCOEM,67735
ATLDMDBO,ANWUJOKX,30717
ATLDMDBO,BEZYMBBT,3469321
ATLDMDBO,DBWLZWNK,196483
ATLDMDBO,DEWLVASR,324091
ATLDMDBO,FTSVTTSR,223004
ATLDMDBO,LTOYKIML,305347
ATLDMDBO,OGAFEHLU,30717
ATLDMDBO,OJIFIHMZ,2668120
ATLDMDBO,PLMZALFA,30717
ATLDMDBO,PYZMVUWD,36949
ATLDMDBO,QSDCUCLB,30717
ATLDMDBO,SNHYOVBM,341967
ATLDMDBO,TANNMIMB,30717
ATLDMDBO,TGOELCAG,236620
ATLDMDBO,XMKRPGLB,1583470
ATLDMDBO,ZGJXVMNI,3141992
AXULOHBQ,APQGTRMF,49588
AXULOHBQ,ATLDMDBO,36556694
AXULOHBQ,BLANHGYY,67735
AXULOHBQ,KJNSOAHR,11534267
AXULOHBQ,MIRCVAMV,68760
AXULOHBQ,OKMBFVKS,1307476
AXULOHBQ,SAAYMURU,38486
AXULOHBQ,VUAFAIYJ,731305
AXULOHBQ,XIPPENFQ,130029
BEZYMBBT,AANGBULD,372221
BEZYMBBT,AHMDUILJ,123693
BEZYMBBT,DBWLZWNK,196483
BEZYMBBT,HXYSSRXE,5657758
BEZYMBBT,JPBRUTWP,5208150
BEZYMBBT,QSDCUCLB,30717
BEZYMBBT,RJGPVEXX,663400
BEZYMBBT,TGOELCAG,236620
BEZYMBBT,WPQXWHYO,15586126
BEZYMBBT,XIIEJNEE,82837
BEZYMBBT,XMKRPGLB,1583470
BJALXPFS,BLANHGYY,67735
BJALXPFS,DEWLVASR,324091
BJALXPFS,EVBVXETX,4984105
BJALXPFS,FDXPMYGF,30717
BJALXPFS,FITUEHWN,71258
BJALXPFS,FTSVTTSR,223004
BJALXPFS,QRKRBYJL,3154909
BJALXPFS,QSDCUCLB,30717
BJALXPFS,RUVXNNVA,30717
BJALXPFS,TANNMIMB,30717
BJALXPFS,UGEQLMXM,222275
BJALXPFS,WHPUAOID,49866
BJALXPFS,WPQXWHYO,15586126
BJALXPFS,XIFHSOWQ,99704
BJALXPFS,XIPPENFQ,130029
BJALXPFS,YSYHGLQK,36949
BJALXPFS,ZKENOUDA,330608
BLANHGYY,AANGBULD,372221
BLANHGYY,MBSBZBXA,4966017
BLANHGYY,PLMZALFA,30717
BLANHGYY,QJQJSWFU,135962
BLANHGYY,QKXNTIIB,2430580
BLANHGYY,QVLMOEYE,1039401
BLANHGYY,RJGPVEXX,663400
BLANHGYY,UGEQLMXM,222275
BLANHGYY,UIFPPCLR,99704
BLANHGYY,VUAFAIYJ,731305
BLANHGYY,XIPPENFQ,130029
BLANHGYY,ZKENOUDA,330608
BSRMSVTC,AHMDUILJ,123693
BSRMSVTC,LLHREMKS,76126
BSRMSVTC,LSOIUSXD,175470
BSRMSVTC,MBSBZBXA,4966017
BSRMSVTC,MIRCVAMV,68760
BSRMSVTC,OJIFIHMZ,2668120
BSRMSVTC,OXKURKXR,112591
BSRMSVTC,QVLMOEYE,1039401
BSRMSVTC,RJGPVEXX,663400
BSRMSVTC,RUVXNNVA,30717
BSRMSVTC,TANNMIMB,30717
BSRMSVTC,WBLJNPZQ,147116
BSRMSVTC,WHPUAOID,49866
BSRMSVTC,WPQXWHYO,15586126
BSRMSVTC,XUOIQPFL,3290182
BTMOEMEP,APQGTRMF,49588
BTMOEMEP,BEZYMBBT,3469321
BTMOEMEP,DBWLZWNK,196483
BTMOEMEP,DNMPSKTB,5362981
BTMOEMEP,OXKURKXR,112591
BTMOEMEP,QRKRBYJL,3154909
BTMOEMEP,RUVXNNVA,30717
BTMOEMEP,SNHYOVBM,341967
BTMOEMEP,UGEQLMXM,222275
BTMOEMEP,XMKRPGLB,1583470
BUZIIBYG,AHMDUILJ,123693
BUZIIBYG,BEZYMBBT,3469321
BUZIIBYG,BTMOEMEP,9710981
BUZIIBYG,DJBLNPNC,36949
BUZIIBYG,EVBVXETX,4984105
BUZIIBYG,FDXPMYGF,30717
BUZIIBYG,FITUEHWN,71258
BUZIIBYG,FQCLOEXA,2218845
BUZIIBYG,FTSVTTSR,223004
BUZIIBYG,KJNSOAHR,11534267
BUZIIBYG,LPHPPJUG,1210984
BUZIIBYG,QRKRBYJL,3154909
BUZIIBYG,QSDCUCLB,30717
BUZIIBYG,UGEQLMXM,222275
BUZIIBYG,UIFPPCLR,99704
CCLHWFWF,NZKBIBNU,299583
CCLHWFWF,OGAFEHLU,30717
CCLHWFWF,ZGJXVMNI,3141992
DBWLZWNK,FDXPMYGF,30717
DBWLZWNK,FQCLOEXA,2218845
DBWLZWNK,SUOYXCHP,30717
DBWLZWNK,XMKRPGLB,1583470
DDEXPPXU,AXULOHBQ,77955
DDEXPPXU,BUZIIBYG,16049664
DDEXPPXU,CCLHWFWF,19027743
DDEXPPXU,GIKPEWTY,30717
DDEXPPXU,JBVHSUWY,338035
DDEXPPXU,LPHPPJUG,1210984
DDEXPPXU,LRVGFDFM,13132212
DDEXPPXU,LSOIUSXD,175470
DDEXPPXU,OXKURKXR,112591
DDEXPPXU,SAHWCZNH,2106377
DDEXPPXU,VBYCLTYZ,293117
DDEXPPXU,VMAQSTJE,95248
DEWLVASR,AANGBULD,372221
DEWLVASR,AHMDUILJ,123693
DEWLVASR,BEZYMBBT,3469321
DEWLVASR,DDEXPPXU,30717
DEWLVASR,FITUEHWN,71258
DEWLVASR,FTSVTTSR,223004
DEWLVASR,JBVHSUWY,338035
DEWLVASR,JERHKLYW,38336
DEWLVASR,KJNSOAHR,11534267
DEWLVASR,NAQIHUKZ,30717
DEWLVASR,RJGPVEXX,663400
DEWLVASR,ROACSLMG,2695250
DEWLVASR,SAAYMURU,38486
DEWLVASR,STZDBITS,29055808
DEWLVASR,TANNMIMB,30717
DEWLVASR,UQYUIVVR,6321125
DEWLVASR,VMAQSTJE,95248
DEWLVASR,XIFHSOWQ,99704
DEWLVASR,YSYHGLQK,36949
DJBLNPNC,BLANHGYY,67735
DJBLNPNC,LSOIUSXD,175470
DJBLNPNC,OJIFIHMZ,2668120
DJBLNPNC,OXKURKXR,112591
DJBLNPNC,SAAYMURU,38486
DJBLNPNC,TANNMIMB,30717
DJBLNPNC,TGOELCAG,236620
DJBLNPNC,UIFPPCLR,99704
DJBLNPNC,XIPPENFQ,130029
DJBLNPNC,ZKENOUDA,330608
DNMPSKTB,DEWLVASR,324091
DNMPSKTB,FWUCPMMW,36949
DNMPSKTB,HXYSSRXE,5657758
DNMPSKTB,LTOYKIML,305347
DNMPSKTB,MBSBZBXA,4966017
DNMPSKTB,PLMZALFA,30717
DNMPSKTB,QJQJSWFU,135962
DNMPSKTB,QVLMOEYE,1039401
DNMPSKTB,SDWAYPIK,5396042
DNMPSKTB,XIFHSOWQ,99704
DNMPSKTB,XMKRPGLB,1583470
DNMPSKTB,YSYHGLQK,36949
DNMPSKTB,ZKENOUDA,330608
DUCMGGNW,ANWUJOKX,30717
DUCMGGNW,ATLDMDBO,36083549
DUCMGGNW,BLANHGYY,67735
DUCMGGNW,BUZIIBYG,16049664
DUCMGGNW,DEWLVASR,324091
DUCMGGNW,DJBLNPNC,36949
DUCMGGNW,FITUEHWN,71258
DUCMGGNW,FQCLOEXA,2218845
DUCMGGNW,FTSVTTSR,223004
DUCMGGNW,GMBFCMIU,30717
DUCMGGNW,HCDTGMST,77508
DUCMGGNW,IGDVVKUD,36949
DUCMGGNW,JPBRUTWP,5208150
DUCMGGNW,LLHREMKS,76126
DUCMGGNW,MIRCVAMV,68760
DUCMGGNW,OGAFEHLU,30717
DUCMGGNW,RCBZUSIM,30717
DUCMGGNW,ROACSLMG,2695250
DUCMGGNW,SNHYOVBM,341967
DUCMGGNW,UGEQLMXM,222275
DUCMGGNW,UXSPKBJR,501377
DUCMGGNW,VBYCLTYZ,293117
DUCMGGNW,VMAQSTJE,95248
DUCMGGNW,WHPUAOID,49866
DUCMGGNW,XIFHSOWQ,99704
DUCMGGNW,XIPPENFQ,130029
DUCMGGNW,ZKENOUDA,330608
ELQGMQWE,APQGTRMF,49588
ELQGMQWE,ATLDMDBO,36625096
ELQGMQWE,BEZYMBBT,3469321
ELQGMQWE,FWUCPMMW,36949
ELQGMQWE,GKQIJYDH,10076701
ELQGMQWE,KFQSHBNH,11104915
ELQGMQWE,OKMBFVKS,1307476
ELQGMQWE,QRKRBYJL,3154909
ELQGMQWE,QVLMOEYE,1039401
ELQGMQWE,RJCAXSGH,4779217
ELQGMQWE,RUVXNNVA,30717
ELQGMQWE,SAHWCZNH,2106377
ELQGMQWE,TGOELCAG,236620
ELQGMQWE,UIFPPCLR,99704
ELQGMQWE,VBYCLTYZ,293117
ELQGMQWE,XUOIQPFL,3290182
ELQGMQWE,ZCELVYQU,146542
ELQGMQWE,ZGJXVMNI,3141992
EVBVXETX,DEWLVASR,324091
EVBVXETX,FQCLOEXA,2218845
EVBVXETX,FTSVTTSR,223004
EVBVXETX,GMBFCMIU,30717
EVBVXETX,HCDTGMST,77508
EVBVXETX,JSLXRQOK,36949
EVBVXETX,KJNSOAHR,11534267
EVBVXETX,LSOIUSXD,175470
EVBVXETX,MIRCVAMV,68760
EVBVXETX,RAWUKQMJ,3638272
EVBVXETX,RCBZUSIM,30717
EVBVXETX,ROACSLMG,2695250
EVBVXETX,SAAYMURU,38486
EVBVXETX,STZDBITS,29055808
EVBVXETX,VMAQSTJE,95248
EVBVXETX,WHPUAOID,49866
FCYBOAXC,BEZYMBBT,3469321
FCYBOAXC,BSRMSVTC,292772
FCYBOAXC,BTMOEMEP,9710981
FCYBOAXC,JBVHSUWY,338035
FCYBOAXC,KJNSOAHR,11534267
FCYBOAXC,PYZMVUWD,36949
FCYBOAXC,SAAYMURU,38486
FCYBOAXC,STZDBITS,29055808
FCYBOAXC,VUAFAIYJ,731305
FCYBOAXC,XIPPENFQ,130029
FDXPMYGF,AANGBULD,372221
FDXPMYGF,ANWUJOKX,30717
FDXPMYGF,AXULOHBQ,77955
FDXPMYGF,DJBLNPNC,36949
FDXPMYGF,DNMPSKTB,5362981
FDXPMYGF,FRHNWLNI,1303134
FDXPMYGF,KAGJCHMR,36949
FDXPMYGF,LTOYKIML,305347
FDXPMYGF,MBSBZBXA,4966017
FDXPMYGF,NZKBIBNU,299583
FDXPMYGF,PLMZALFA,30717
FDXPMYGF,PYZMVUWD,36949
FDXPMYGF,RCBZUSIM,30717
FDXPMYGF,TANNMIMB,30717
FDXPMYGF,UQYUIVVR,6321125
FDXPMYGF,XIIEJNEE,82837
FDXPMYGF,YSYHGLQK,36949
FITUEHWN,ANWUJOKX,30717
FITUEHWN,BLANHGYY,67735
FITUEHWN,DJBLNPNC,36949
FITUEHWN,ELQGMQWE,624431
FITUEHWN,FDXPMYGF,30717
FITUEHWN,JERHKLYW,38336
FITUEHWN,LPHPPJUG,1210984
FITUEHWN,LTOYKIML,305347
FITUEHWN,LUENUFGA,3773200
FITUEHWN,MIRCVAMV,68760
FITUEHWN,PLMZALFA,30717
FITUEHWN,RJGPVEXX,663400
FITUEHWN,SDWAYPIK,5396042
FITUEHWN,TANNMIMB,30717
FITUEHWN,UIFPPCLR,99704
FITUEHWN,UQYUIVVR,6321125
FITUEHWN,WBLJNPZQ,147116
FITUEHWN,XMKRPGLB,1583470
FQCLOEXA,AHMDUILJ,123693
FQCLOEXA,ANWUJOKX,30717
FQCLOEXA,BSRMSVTC,292772
FQCLOEXA,FDXPMYGF,30717
FQCLOEXA,FITUEHWN,71258
FQCLOEXA,FTSVTTSR,223004
FQCLOEXA,LRVGFDFM,13129223
FQCLOEXA,LSOIUSXD,175470
FQCLOEXA,NAQIHUKZ,30717
FQCLOEXA,OGAFEHLU,30717
FQCLOEXA,QJQJSWFU,135962
FQCLOEXA,RCBZUSIM,30717
FQCLOEXA,UQYUIVVR,6321125
FQCLOEXA,WBLJNPZQ,147116
FQCLOEXA,WHPUAOID,49866
FQCLOEXA,ZKENOUDA,330608
FRHNWLNI,BTMOEMEP,9710981
FRHNWLNI,DEWLVASR,324091
FRHNWLNI,FCYBOAXC,111290725
FRHNWLNI,FQCLOEXA,2218845
FRHNWLNI,FWUCPMMW,36949
FRHNWLNI,GIKPEWTY,30717
FRHNWLNI,LPHPPJUG,1210984
FRHNWLNI,LTOYKIML,305347
FRHNWLNI,NAQIHUKZ,30717
FRHNWLNI,PLMZALFA,30717
FRHNWLNI,PYZMVUWD,36949
FRHNWLNI,QJQJSWFU,135962
FRHNWLNI,RCBZUSIM,30717
FRHNWLNI,UXSPKBJR,501377
FRHNWLNI,VMAQSTJE,95248
FRHNWLNI,XIFHSOWQ,99704
FRHNWLNI,XIPPENFQ,130029
FTSVTTSR,AHMDUILJ,123693
FTSVTTSR,ANWUJOKX,30717
FTSVTTSR,BEZYMBBT,3469321
FTSVTTSR,BSRMSVTC,292772
FTSVTTSR,DNMPSKTB,5362981
FTSVTTSR,ELQGMQWE,624431
FTSVTTSR,FRHNWLNI,1303134
FTSVTTSR,JSLXRQOK,36949
FTSVTTSR,LPHPPJUG,1210984
FTSVTTSR,LRVGFDFM,13132212
FTSVTTSR,LTOYKIML,305347
FTSVTTSR,MBSBZBXA,4966017
FTSVTTSR,PLMZALFA,30717
FTSVTTSR,QVLMOEYE,1039401
FTSVTTSR,RCBZUSIM,30717
FTSVTTSR,SAAYMURU,38486
FTSVTTSR,STZDBITS,29055808
FTSVTTSR,SUOYXCHP,30717
FTSVTTSR,TANNMIMB,30717
FTSVTTSR,UIFPPCLR,99704
FTSVTTSR,UQYUIVVR,6321125
FTSVTTSR,WHPUAOID,49866
FTSVTTSR,ZGJXVMNI,3141992
FWUCPMMW,AANGBULD,372221
FWUCPMMW,DEWLVASR,324091
FWUCPMMW,FTSVTTSR,223004
FWUCPMMW,GYHKIVQT,27698364
FWUCPMMW,JSLXRQOK,36949
FWUCPMMW,NAQIHUKZ,30717
FWUCPMMW,OJIFIHMZ,2668120
FWUCPMMW,SAAYMURU,38486
FWUCPMMW,SNHYOVBM,341967
FWUCPMMW,VMAQSTJE,95248
GIKPEWTY,BTMOEMEP,9710981
GIKPEWTY,BUZIIBYG,16049664
GIKPEWTY,FITUEHWN,71258
GIKPEWTY,GKQIJYDH,10076701
GIKPEWTY,JERHKLYW,38336
GIKPEWTY,LRVGFDFM,13132212
GIKPEWTY,LTOYKIML,305347
GIKPEWTY,LUENUFGA,3773200
GIKPEWTY,QSDCUCLB,30717
GIKPEWTY,RCBZUSIM,30717
GIKPEWTY,UGEQLMXM,222275
GIKPEWTY,VUAFAIYJ,731305
GKQIJYDH,BJALXPFS,143525
GKQIJYDH,BTMOEMEP,9710981
GKQIJYDH,DEWLVASR,324091
GKQIJYDH,EVBVXETX,4984105
GKQIJYDH,FWUCPMMW,36949
GKQIJYDH,GMBFCMIU,30717
GKQIJYDH,KEUWZRKO,323690
GKQIJYDH,LUENUFGA,3773200
GKQIJYDH,VWMBASNE,112710
GKQIJYDH,XIFHSOWQ,99704
GKQIJYDH,XIIEJNEE,82837
GKQIJYDH,ZXERAXWP,65024
GMBFCMIU,ANWUJOKX,30717
GMBFCMIU,BSRMSVTC,292772
GMBFCMIU,DEWLVASR,324091
GMBFCMIU,FDXPMYGF,30717
GMBFCMIU,FITUEHWN,71258
GMBFCMIU,FQCLOEXA,2218845
GMBFCMIU,FTSVTTSR,223004
GMBFCMIU,HCDTGMST,77508
GMBFCMIU,JPBRUTWP,5208150
GMBFCMIU,KJNSOAHR,11534267
GMBFCMIU,LSOIUSXD,175470
GMBFCMIU,NAQIHUKZ,30717
GMBFCMIU,ROACSLMG,2695250
GMBFCMIU,SAAYMURU,38486
GMBFCMIU,SUOYXCHP,30717
GMBFCMIU,UXSPKBJR,501377
GMBFCMIU,VMAQSTJE,95248
GMBFCMIU,WPQXWHYO,15586126
GMBFCMIU,XIFHSOWQ,99704
GMBFCMIU,YSYHGLQK,36949
GMBFCMIU,ZKENOUDA,330608
GYHKIVQT,AHMDUILJ,123693
GYHKIVQT,ATLDMDBO,35717235
GYHKIVQT,BTMOEMEP,9710981
GYHKIVQT,EVBVXETX,4984105
GYHKIVQT,FDXPMYGF,30717
GYHKIVQT,FQCLOEXA,2218845
GYHKIVQT,GIKPEWTY,30717
GYHKIVQT,JBVHSUWY,338035
GYHKIVQT,JPBRUTWP,5208150
GYHKIVQT,JSLXRQOK,36949
GYHKIVQT,KJNSOAHR,11534267
GYHKIVQT,LPHPPJUG,1210984
GYHKIVQT,LRVGFDFM,13129223
GYHKIVQT,LSOIUSXD,175470
GYHKIVQT,NAQIHUKZ,30717
GYHKIVQT,NZKBIBNU,299583
GYHKIVQT,PYZMVUWD,36949
GYHKIVQT,QKXNTIIB,2430580
GYHKIVQT,QRKRBYJL,3154909
GYHKIVQT,QSDCUCLB,30717
GYHKIVQT,ROACSLMG,2695250
GYHKIVQT,SAHWCZNH,2106377
GYHKIVQT,VUAFAIYJ,731305
HCDTGMST,AHMDUILJ,123693
HCDTGMST,BLANHGYY,67735
HCDTGMST,BSRMSVTC,292772
HCDTGMST,FCYBOAXC,109077377
HCDTGMST,FDXPMYGF,30717
HCDTGMST,FITUEHWN,71258
HCDTGMST,FTSVTTSR,223004
HCDTGMST,JPBRUTWP,5208150
HCDTGMST,LPHPPJUG,1210984
HCDTGMST,LSOIUSXD,175470
HCDTGMST,LUENUFGA,3773200
HCDTGMST,MIRCVAMV,68760
HCDTGMST,PYZMVUWD,36949
HCDTGMST,SUOYXCHP,30717
HCDTGMST,TGOELCAG,236620
HCDTGMST,UQYUIVVR,6321125
HCDTGMST,VBYCLTYZ,293117
HCDTGMST,VMAQSTJE,95248
HXYSSRXE,FCYBOAXC,111763738
HXYSSRXE,JPBRUTWP,5208150
HXYSSRXE,KAGJCHMR,36949
HXYSSRXE,NAQIHUKZ,30717
HXYSSRXE,OJIFIHMZ,2668120
HXYSSRXE,QSDCUCLB,30717
HXYSSRXE,TANNMIMB,30717
HXYSSRXE,WPQXWHYO,15586126
HXYSSRXE,XMKRPGLB,1583470
HXYSSRXE,YSYHGLQK,36949
HXYSSRXE,ZKENOUDA,330608
IGDVVKUD,BSRMSVTC,292772
IGDVVKUD,BUZIIBYG,16049664
IGDVVKUD,EVBVXETX,4984105
IGDVVKUD,FDXPMYGF,30717
IGDVVKUD,FWUCPMMW,36949
IGDVVKUD,GIKPEWTY,30717
IGDVVKUD,HXYSSRXE,5657758
IGDVVKUD,KJNSOAHR,11534267
IGDVVKUD,LLHREMKS,76126
IGDVVKUD,LTOYKIML,305347
IGDVVKUD,OGAFEHLU,30717
IGDVVKUD,PLMZALFA,30717
IGDVVKUD,SDWAYPIK,5396042
IGDVVKUD,SNHYOVBM,341967
IGDVVKUD,TANNMIMB,30717
IGDVVKUD,UIFPPCLR,99704
IGDVVKUD,VBYCLTYZ,293117
IGDVVKUD,WBLJNPZQ,147116
JBVHSUWY,AXULOHBQ,77955
JBVHSUWY,BJALXPFS,143525
JBVHSUWY,BSRMSVTC,292772
JBVHSUWY,BUZIIBYG,16049664
JBVHSUWY,DBWLZWNK,196483
JBVHSUWY,ELQGMQWE,624431
JBVHSUWY,IGDVVKUD,36949
JBVHSUWY,JSLXRQOK,36949
JBVHSUWY,LSOIUSXD,175470
JBVHSUWY,LTOYKIML,305347
JBVHSUWY,MBSBZBXA,4966017
JBVHSUWY,OGAFEHLU,30717
JBVHSUWY,OJIFIHMZ,2668120
JBVHSUWY,QJQJSWFU,135962
JBVHSUWY,QVLMOEYE,1039401
JBVHSUWY,ROACSLMG,2695250
JBVHSUWY,RUVXNNVA,30717
JBVHSUWY,SAHWCZNH,2106377
JBVHSUWY,SDWAYPIK,5396042
JBVHSUWY,STZDBITS,29055808
JBVHSUWY,TGOELCAG,236620
JBVHSUWY,UIFPPCLR,99704
JBVHSUWY,VBYCLTYZ,293117
JERHKLYW,BUZIIBYG,16049664
JERHKLYW,ELQGMQWE,624431
JERHKLYW,JBVHSUWY,338035
JERHKLYW,OJIFIHMZ,2668120
JERHKLYW,QKXNTIIB,2430580
JERHKLYW,QSDCUCLB,30717
JERHKLYW,SAHWCZNH,2106377
JERHKLYW,SDWAYPIK,5396042
JERHKLYW,SUOYXCHP,30717
JERHKLYW,UIFPPCLR,99704
JERHKLYW,VMAQSTJE,95248
JERHKLYW,WPQXWHYO,15586126
JERHKLYW,XIIEJNEE,82837
JERHKLYW,XUOIQPFL,3290182
JPBRUTWP,ANWUJOKX,30717
JPBRUTWP,AXULOHBQ,77955
JPBRUTWP,BLANHGYY,67735
JPBRUTWP,BSRMSVTC,292772
JPBRUTWP,EVBVXETX,4984105
JPBRUTWP,LPHPPJUG,1210984
JPBRUTWP,LUENUFGA,3773200
JPBRUTWP,OGAFEHLU,30717
JPBRUTWP,RCBZUSIM,30717
JPBRUTWP,RJGPVEXX,663400
JPBRUTWP,UQYUIVVR,6321125
JPBRUTWP,VUAFAIYJ,731305
JPBRUTWP,WBLJNPZQ,147116
JPBRUTWP,XMKRPGLB,1583470
JSLXRQOK,DBWLZWNK,196483
JSLXRQOK,QJQJSWFU,135962
JSLXRQOK,SNHYOVBM,341967
JSLXRQOK,SUOYXCHP,30717
JSLXRQOK,WHPUAOID,49866
JSLXRQOK,XIIEJNEE,82837
JSLXRQOK,YSYHGLQK,36949
JSLXRQOK,ZGJXVMNI,3141992
KAGJCHMR,AHMDUILJ,123693
KAGJCHMR,ANWUJOKX,30717
KAGJCHMR,ATLDMDBO,36517923
KAGJCHMR,BEZYMBBT,3469321
KAGJCHMR,BUZIIBYG,16049664
KAGJCHMR,FCYBOAXC,112161454
KAGJCHMR,FITUEHWN,71258
KAGJCHMR,FQCLOEXA,2218845
KAGJCHMR,GIKPEWTY,30717
KAGJCHMR,GMBFCMIU,30717
KAGJCHMR,GYHKIVQT,27698364
KAGJCHMR,HCDTGMST,77508
KAGJCHMR,IGDVVKUD,36949
KAGJCHMR,MIRCVAMV,68760
KAGJCHMR,RJGPVEXX,663400
KAGJCHMR,ROACSLMG,2695250
KAGJCHMR,SAAYMURU,38486
KAGJCHMR,SAHWCZNH,2106377
KAGJCHMR,STZDBITS,29055808
KAGJCHMR,SUOYXCHP,30717
KAGJCHMR,TGOELCAG,236620
KAGJCHMR,VBYCLTYZ,293117
KAGJCHMR,WBLJNPZQ,147116
KAGJCHMR,WPQXWHYO,15586126
KAGJCHMR,XIFHSOWQ,99704
KEUWZRKO,DEWLVASR,324091
KEUWZRKO,FCYBOAXC,109338700
KEUWZRKO,FTSVTTSR,223004
KEUWZRKO,FWUCPMMW,36949
KEUWZRKO,JPBRUTWP,5208150
KEUWZRKO,JSLXRQOK,36949
KEUWZRKO,NAQIHUKZ,30717
KEUWZRKO,QSDCUCLB,30717
KEUWZRKO,SAAYMURU,38486
KEUWZRKO,TGOELCAG,236620
KEUWZRKO,UGEQLMXM,222275
KEUWZRKO,VMAQSTJE,95248
KEUWZRKO,ZGJXVMNI,3141992
KFQSHBNH,SNHYOVBM,341967
KFQSHBNH,WQMVCOEM,67735
KJNSOAHR,ANWUJOKX,30717
KJNSOAHR,BSRMSVTC,292772
KJNSOAHR,DNMPSKTB,5362981
KJNSOAHR,MBSBZBXA,4966017
KJNSOAHR,MIRCVAMV,68760
KJNSOAHR,QJQJSWFU,135962
KJNSOAHR,RUVXNNVA,30717
KJNSOAHR,WHPUAOID,49866
KJNSOAHR,WPQXWHYO,15586126
KJNSOAHR,WQMVCOEM,67735
KJNSOAHR,XMKRPGLB,1583470
KJNSOAHR,ZGJXVMNI,3141992
LLHREMKS,BJALXPFS,143525
LLHREMKS,BLANHGYY,67735
LLHREMKS,DJBLNPNC,36949
LLHREMKS,FITUEHWN,71258
LLHREMKS,HXYSSRXE,5657758
LLHREMKS,JERHKLYW,38336
LLHREMKS,JPBRUTWP,5208150
LLHREMKS,MIRCVAMV,68760
LLHREMKS,UGEQLMXM,222275
LLHREMKS,WPQXWHYO,15586126
LLHREMKS,YSYHGLQK,36949
LPHPPJUG,AANGBULD,372221
LPHPPJUG,AHMDUILJ,123693
LPHPPJUG,APQGTRMF,49588
LPHPPJUG,BTMOEMEP,9710981
LPHPPJUG,GKQIJYDH,10076701
LPHPPJUG,JERHKLYW,38336
LPHPPJUG,JSLXRQOK,36949
LPHPPJUG,KJNSOAHR,11534267
LPHPPJUG,OXKURKXR,112591
LPHPPJUG,PYZMVUWD,36949
LPHPPJUG,QSDCUCLB,30717
LPHPPJUG,TGOELCAG,236620
LPHPPJUG,VMAQSTJE,95248
LPHPPJUG,VUAFAIYJ,731305
LPHPPJUG,XIIEJNEE,82837
LPHPPJUG,ZKENOUDA,330608
LRVGFDFM,AANGBULD,372221
LRVGFDFM,APQGTRMF,49588
LRVGFDFM,ATLDMDBO,36668560
LRVGFDFM,BEZYMBBT,3469321
LRVGFDFM,KFQSHBNH,10992246
LRVGFDFM,LTOYKIML,305347
LRVGFDFM,RJCAXSGH,4779217
LRVGFDFM,SNHYOVBM,341967
LRVGFDFM,ZGJXVMNI,3141992
LSOIUSXD,AXULOHBQ,77955
LSOIUSXD,BUZIIBYG,16049664
LSOIUSXD,DUCMGGNW,611415
LSOIUSXD,GIKPEWTY,30717
LSOIUSXD,LRVGFDFM,13132212
LSOIUSXD,MIRCVAMV,68760
LSOIUSXD,QVLMOEYE,1039401
LSOIUSXD,ROACSLMG,2695250
LSOIUSXD,SAHWCZNH,2106377
LSOIUSXD,UGEQLMXM,222275
LSOIUSXD,UXSPKBJR,501377
LSOIUSXD,VUAFAIYJ,731305
LSOIUSXD,XUOIQPFL,3290182
LSOIUSXD,ZGJXVMNI,3141992
LSOIUSXD,ZKENOUDA,330608
LTOYKIML,ANWUJOKX,30717
LTOYKIML,APQGTRMF,49588
LTOYKIML,AXULOHBQ,77955
LTOYKIML,BEZYMBBT,3469321
LTOYKIML,BTMOEMEP,9710981
LTOYKIML,GKQIJYDH,10076701
LTOYKIML,KFQSHBNH,11104915
LTOYKIML,MBSBZBXA,4966017
LTOYKIML,OJIFIHMZ,2668120
LTOYKIML,OXKURKXR,112591
LTOYKIML,QKXNTIIB,2430580
LTOYKIML,QRKRBYJL,3154909
LTOYKIML,RJCAXSGH,4779217
LTOYKIML,RUVXNNVA,30717
LTOYKIML,SAAYMURU,38486
LTOYKIML,SAHWCZNH,2106377
LTOYKIML,SDWAYPIK,5396042
LTOYKIML,SNHYOVBM,341967
LTOYKIML,UIFPPCLR,99704
LTOYKIML,VBYCLTYZ,293117
LTOYKIML,VUAFAIYJ,731305
LTOYKIML,VWMBASNE,112710
LTOYKIML,WQMVCOEM,67735
LTOYKIML,ZCELVYQU,146542
LUENUFGA,BTMOEMEP,9710981
LUENUFGA,KJNSOAHR,11534267
LUENUFGA,LPHPPJUG,1210984
LUENUFGA,LTOYKIML,305347
LUENUFGA,OXKURKXR,112591
LUENUFGA,VMAQSTJE,95248
LUENUFGA,XIPPENFQ,130029
MBSBZBXA,APQGTRMF,49588
MBSBZBXA,ELQGMQWE,624431
MBSBZBXA,FCYBOAXC,110698268
MBSBZBXA,GIKPEWTY,30717
MBSBZBXA,NZKBIBNU,299583
MBSBZBXA,OJIFIHMZ,2668120
MBSBZBXA,PLMZALFA,30717
MBSBZBXA,QJQJSWFU,135962
MBSBZBXA,QSDCUCLB,30717
MBSBZBXA,SUOYXCHP,30717
MBSBZBXA,TGOELCAG,236620
MIRCVAMV,ELQGMQWE,624431
MIRCVAMV,FDXPMYGF,30717
MIRCVAMV,HXYSSRXE,5657758
MIRCVAMV,LPHPPJUG,1210984
MIRCVAMV,LTOYKIML,305347
MIRCVAMV,MBSBZBXA,4966017
MIRCVAMV,OGAFEHLU,30717
MIRCVAMV,OXKURKXR,112591
MIRCVAMV,PLMZALFA,30717
MIRCVAMV,PYZMVUWD,36949
MIRCVAMV,RUVXNNVA,30717
MIRCVAMV,SUOYXCHP,30717
MIRCVAMV,UGEQLMXM,222275
MIRCVAMV,WHPUAOID,49866
MIRCVAMV,XIFHSOWQ,99704
MIRCVAMV,XIPPENFQ,130029
MIRCVAMV,ZKENOUDA,330608
NAQIHUKZ,BEZYMBBT,3469321
NAQIHUKZ,DJBLNPNC,36949
NAQIHUKZ,GIKPEWTY,30717
NAQIHUKZ,LTOYKIML,305347
NAQIHUKZ,MBSBZBXA,4966017
NAQIHUKZ,QVLMOEYE,1039401
NAQIHUKZ,RCBZUSIM,30717
NAQIHUKZ,RJGPVEXX,663400
NAQIHUKZ,STZDBITS,29055808
NAQIHUKZ,TGOELCAG,236620
NAQIHUKZ,XUOIQPFL,3290182
NAQIHUKZ,YSYHGLQK,36949
NZKBIBNU,AANGBULD,372221
NZKBIBNU,DEWLVASR,324091
NZKBIBNU,FITUEHWN,71258
NZKBIBNU,FQCLOEXA,2218845
NZKBIBNU,GMBFCMIU,30717
NZKBIBNU,QJQJSWFU,135962
NZKBIBNU,SAHWCZNH,2106377
NZKBIBNU,TGOELCAG,236620
NZKBIBNU,UIFPPCLR,99704
NZKBIBNU,VMAQSTJE,95248
NZKBIBNU,WBLJNPZQ,147116
NZKBIBNU,XIFHSOWQ,99704
NZKBIBNU,ZCELVYQU,146542
OGAFEHLU,AHMDUILJ,123693
OGAFEHLU,DDEXPPXU,30717
OGAFEHLU,FWUCPMMW,36949
OGAFEHLU,GKQIJYDH,10076701
OGAFEHLU,HXYSSRXE,5657758
OGAFEHLU,KJNSOAHR,11534267
OGAFEHLU,LPHPPJUG,1210984
OGAFEHLU,MBSBZBXA,4966017
OGAFEHLU,NAQIHUKZ,30717
OGAFEHLU,PLMZALFA,30717
OGAFEHLU,QJQJSWFU,135962
OGAFEHLU,QRKRBYJL,3154909
OGAFEHLU,RCBZUSIM,30717
OGAFEHLU,STZDBITS,29055808
OGAFEHLU,TANNMIMB,30717
OGAFEHLU,UQYUIVVR,6321125
OGAFEHLU,XIPPENFQ,130029
OGAFEHLU,ZKENOUDA,330608
OJIFIHMZ,APQGTRMF,49588
OJIFIHMZ,BEZYMBBT,3469321
OJIFIHMZ,BUZIIBYG,16049664
OJIFIHMZ,ELQGMQWE,624431
OJIFIHMZ,LSOIUSXD,175470
OJIFIHMZ,QJQJSWFU,135962
OJIFIHMZ,RUVXNNVA,30717
OJIFIHMZ,SNHYOVBM,341967
OJIFIHMZ,STZDBITS,29055808
OKMBFVKS,ATLDMDBO,36084162
OKMBFVKS,BSRMSVTC,292772
OKMBFVKS,DJBLNPNC,36949
OKMBFVKS,FITUEHWN,71258
OKMBFVKS,FQCLOEXA,2218845
OKMBFVKS,LLHREMKS,76126
OKMBFVKS,SAHWCZNH,2106377
OKMBFVKS,UGEQLMXM,222275
OXKURKXR,APQGTRMF,49588
OXKURKXR,ATLDMDBO,36672265
OXKURKXR,ELQGMQWE,624431
OXKURKXR,JSLXRQOK,36949
OXKURKXR,KFQSHBNH,11104915
OXKURKXR,LRVGFDFM,13132212
OXKURKXR,OJIFIHMZ,2668120
OXKURKXR,QRKRBYJL,3154909
OXKURKXR,RJCAXSGH,4779217
OXKURKXR,SNHYOVBM,341967
OXKURKXR,SUOYXCHP,30717
OXKURKXR,TGOELCAG,236620
OXKURKXR,ZCELVYQU,146542
PLMZALFA,APQGTRMF,49588
PLMZALFA,BTMOEMEP,9710981
PLMZALFA,FCYBOAXC,110073112
PLMZALFA,GIKPEWTY,30717
PLMZALFA,GKQIJYDH,10076701
PLMZALFA,LLHREMKS,76126
PLMZALFA,LUENUFGA,3773200
PLMZALFA,OKMBFVKS,1307476
PLMZALFA,OXKURKXR,112591
PLMZALFA,RAWUKQMJ,3638272
PLMZALFA,RUVXNNVA,30717
PLMZALFA,SNHYOVBM,341967
PYZMVUWD,AHMDUILJ,123693
PYZMVUWD,AXULOHBQ,77955
PYZMVUWD,DDEXPPXU,30717
PYZMVUWD,FWUCPMMW,36949
PYZMVUWD,GIKPEWTY,30717
PYZMVUWD,KJNSOAHR,11534267
PYZMVUWD,LTOYKIML,305347
PYZMVUWD,LUENUFGA,3773200
PYZMVUWD,NZKBIBNU,299583
PYZMVUWD,OXKURKXR,112591
PYZMVUWD,PLMZALFA,30717
PYZMVUWD,QJQJSWFU,135962
PYZMVUWD,RCBZUSIM,30717
PYZMVUWD,WPQXWHYO,15586126
PYZMVUWD,XIPPENFQ,130029
QJQJSWFU,DDEXPPXU,30717
QJQJSWFU,ELQGMQWE,624431
QJQJSWFU,GKQIJYDH,10076701
QJQJSWFU,LTOYKIML,305347
QJQJSWFU,NAQIHUKZ,30717
QJQJSWFU,RAWUKQMJ,3638272
QJQJSWFU,SDWAYPIK,5396042
QJQJSWFU,SUOYXCHP,30717
QJQJSWFU,VMAQSTJE,95248
QJQJSWFU,WHPUAOID,49866
QJQJSWFU,YSYHGLQK,36949
QJQJSWFU,ZGJXVMNI,3141992
QKXNTIIB,ATLDMDBO,36359663
QKXNTIIB,BUZIIBYG,16049664
QKXNTIIB,DBWLZWNK,196483
QKXNTIIB,JSLXRQOK,36949
QKXNTIIB,OGAFEHLU,30717
QKXNTIIB,RUVXNNVA,30717
QKXNTIIB,SNHYOVBM,341967
QKXNTIIB,TGOELCAG,236620
QKXNTIIB,WPQXWHYO,15586126
QKXNTIIB,XUOIQPFL,3290182
QRKRBYJL,FITUEHWN,71258
QRKRBYJL,WQMVCOEM,67735
QRKRBYJL,XMKRPGLB,1583470
QSDCUCLB,AANGBULD,372221
QSDCUCLB,DBWLZWNK,196483
QSDCUCLB,DDEXPPXU,30717
QSDCUCLB,DNMPSKTB,5362981
QSDCUCLB,FRHNWLNI,1303134
QSDCUCLB,GKQIJYDH,10076701
QSDCUCLB,IGDVVKUD,36949
QSDCUCLB,JSLXRQOK,36949
QSDCUCLB,QJQJSWFU,135962
QSDCUCLB,RUVXNNVA,30717
QSDCUCLB,SNHYOVBM,341967
QSDCUCLB,XIFHSOWQ,99704
QSDCUCLB,YSYHGLQK,36949
QSDCUCLB,ZKENOUDA,330608
QVLMOEYE,AHMDUILJ,123693
QVLMOEYE,BTMOEMEP,9570560
QVLMOEYE,FQCLOEXA,2218845
QVLMOEYE,HCDTGMST,77508
QVLMOEYE,HXYSSRXE,5657758
QVLMOEYE,LRVGFDFM,13098007
QVLMOEYE,MBSBZBXA,4966017
QVLMOEYE,RUVXNNVA,30717
QVLMOEYE,UGEQLMXM,222275
QVLMOEYE,ZKENOUDA,330608
RAWUKQMJ,BSRMSVTC,292772
RAWUKQMJ,CCLHWFWF,18781959
RAWUKQMJ,FDXPMYGF,30717
RAWUKQMJ,FITUEHWN,71258
RAWUKQMJ,FQCLOEXA,2218845
RAWUKQMJ,GIKPEWTY,30717
RAWUKQMJ,GMBFCMIU,30717
RAWUKQMJ,HCDTGMST,77508
RAWUKQMJ,LLHREMKS,76126
RAWUKQMJ,LUENUFGA,3773200
RAWUKQMJ,MIRCVAMV,68760
RAWUKQMJ,QRKRBYJL,3154909
RAWUKQMJ,ROACSLMG,2695250
RAWUKQMJ,TGOELCAG,236620
RAWUKQMJ,UGEQLMXM,222275
RAWUKQMJ,WHPUAOID,49866
RAWUKQMJ,ZCELVYQU,146542
RCBZUSIM,AXULOHBQ,77955
RCBZUSIM,BUZIIBYG,16049664
RCBZUSIM,FCYBOAXC,112857294
RCBZUSIM,MBSBZBXA,4966017
RCBZUSIM,QVLMOEYE,1039401
RCBZUSIM,STZDBITS,29055808
RCBZUSIM,VBYCLTYZ,293117
RCBZUSIM,VMAQSTJE,95248
RCBZUSIM,VWMBASNE,112710
RCBZUSIM,WHPUAOID,49866
RCBZUSIM,XUOIQPFL,3290182
RCBZUSIM,ZGJXVMNI,3141992
RJCAXSGH,SNHYOVBM,341967
RJCAXSGH,WQMVCOEM,67735
RJGPVEXX,AANGBULD,372221
RJGPVEXX,AHMDUILJ,123693
RJGPVEXX,ATLDMDBO,36333862
RJGPVEXX,BTMOEMEP,9710981
RJGPVEXX,DJBLNPNC,36949
RJGPVEXX,DNMPSKTB,5362981
RJGPVEXX,FQCLOEXA,2218845
RJGPVEXX,FRHNWLNI,1303134
RJGPVEXX,GIKPEWTY,30717
RJGPVEXX,HXYSSRXE,5657758
RJGPVEXX,KJNSOAHR,11534267
RJGPVEXX,LPHPPJUG,1210984
RJGPVEXX,LUENUFGA,3773200
RJGPVEXX,PLMZALFA,30717
RJGPVEXX,QSDCUCLB,30717
RJGPVEXX,SAAYMURU,38486
RJGPVEXX,SDWAYPIK,5396042
RJGPVEXX,SNHYOVBM,341967
RJGPVEXX,STZDBITS,29055808
RJGPVEXX,TGOELCAG,236620
RJGPVEXX,WBLJNPZQ,147116
RJGPVEXX,XMKRPGLB,1583470
RJGPVEXX,XUOIQPFL,3290182
RJGPVEXX,ZKENOUDA,330608
ROACSLMG,ATLDMDBO,36359663
ROACSLMG,DJBLNPNC,36949
ROACSLMG,FITUEHWN,71258
ROACSLMG,FQCLOEXA,2218845
ROACSLMG,FTSVTTSR,223004
ROACSLMG,HXYSSRXE,5657758
ROACSLMG,LPHPPJUG,1210984
ROACSLMG,LRVGFDFM,13129223
ROACSLMG,RJGPVEXX,663400
ROACSLMG,SAHWCZNH,2106377
ROACSLMG,TGOELCAG,236620
ROACSLMG,UQYUIVVR,6321125
ROACSLMG,VUAFAIYJ,731305
ROACSLMG,WBLJNPZQ,147116
ROACSLMG,XMKRPGLB,1583470
ROACSLMG,ZCELVYQU,146542
RUVXNNVA,BLANHGYY,67735
RUVXNNVA,BUZIIBYG,16049664
RUVXNNVA,GYHKIVQT,27698364
RUVXNNVA,LUENUFGA,3773200
RUVXNNVA,MBSBZBXA,4966017
RUVXNNVA,SNHYOVBM,341967
RUVXNNVA,VUAFAIYJ,731305
RUVXNNVA,WBLJNPZQ,147116
RUVXNNVA,XMKRPGLB,1583470
SAAYMURU,AANGBULD,372221
SAAYMURU,ANWUJOKX,30717
SAAYMURU,BSRMSVTC,292772
SAAYMURU,BTMOEMEP,9710981
SAAYMURU,DDEXPPXU,30717
SAAYMURU,JSLXRQOK,36949
SAAYMURU,OXKURKXR,112591
SAAYMURU,PYZMVUWD,36949
SAAYMURU,QJQJSWFU,135962
SAAYMURU,RAWUKQMJ,3638272
SAAYMURU,UQYUIVVR,6321125
SAAYMURU,VBYCLTYZ,293117
SAAYMURU,WHPUAOID,49866
SAAYMURU,XIIEJNEE,82837
SAAYMURU,ZGJXVMNI,3141992
SAHWCZNH,APQGTRMF,49588
SAHWCZNH,ATLDMDBO,36083549
SAHWCZNH,BLANHGYY,67735
SAHWCZNH,BSRMSVTC,292772
SAHWCZNH,BUZIIBYG,16049664
SAHWCZNH,DBWLZWNK,196483
SAHWCZNH,DJBLNPNC,36949
SAHWCZNH,EVBVXETX,4984105
SAHWCZNH,FITUEHWN,71258
SAHWCZNH,FQCLOEXA,2218845
SAHWCZNH,GIKPEWTY,30717
SAHWCZNH,KFQSHBNH,10992246
SAHWCZNH,LLHREMKS,76126
SAHWCZNH,MIRCVAMV,68760
SAHWCZNH,NAQIHUKZ,30717
SAHWCZNH,QRKRBYJL,3154909
SAHWCZNH,QSDCUCLB,30717
SAHWCZNH,RJCAXSGH,4779217
SAHWCZNH,RUVXNNVA,30717
SAHWCZNH,SDWAYPIK,5396042
SAHWCZNH,SNHYOVBM,341967
SAHWCZNH,TGOELCAG,236620
SAHWCZNH,VBYCLTYZ,293117
SAHWCZNH,WPQXWHYO,15586126
SAHWCZNH,WQMVCOEM,67735
SAHWCZNH,XIPPENFQ,130029
SAHWCZNH,XMKRPGLB,1583470
SDWAYPIK,ANWUJOKX,30717
SDWAYPIK,APQGTRMF,49588
SDWAYPIK,FQCLOEXA,2218845
SDWAYPIK,GKQIJYDH,10076701
SDWAYPIK,OJIFIHMZ,2668120
SDWAYPIK,PYZMVUWD,36949
SDWAYPIK,QRKRBYJL,3154909
SDWAYPIK,RUVXNNVA,30717
SDWAYPIK,SAAYMURU,38486
SDWAYPIK,ZCELVYQU,146542
SNHYOVBM,BEZYMBBT,3469321
SNHYOVBM,DBWLZWNK,196483
SNHYOVBM,DDEXPPXU,30717
SNHYOVBM,DJBLNPNC,36949
SNHYOVBM,WQMVCOEM,67735
SNHYOVBM,YSYHGLQK,36949
STZDBITS,AHMDUILJ,123693
STZDBITS,ATLDMDBO,36704506
STZDBITS,BSRMSVTC,292772
STZDBITS,BUZIIBYG,16049664
STZDBITS,ELQGMQWE,624431
STZDBITS,LTOYKIML,305347
STZDBITS,NZKBIBNU,299583
STZDBITS,OXKURKXR,112591
STZDBITS,QSDCUCLB,30717
STZDBITS,QVLMOEYE,1039401
STZDBITS,UGEQLMXM,222275
STZDBITS,UQYUIVVR,6321125
STZDBITS,XIIEJNEE,82837
STZDBITS,XMKRPGLB,1583470
SUOYXCHP,ANWUJOKX,30717
SUOYXCHP,DNMPSKTB,5362981
SUOYXCHP,FITUEHWN,71258
SUOYXCHP,HXYSSRXE,5657758
SUOYXCHP,RCBZUSIM,30717
SUOYXCHP,RJGPVEXX,663400
SUOYXCHP,RUVXNNVA,30717
SUOYXCHP,UIFPPCLR,99704
SUOYXCHP,UQYUIVVR,6321125
SUOYXCHP,WHPUAOID,49866
SUOYXCHP,XUOIQPFL,3290182
SUOYXCHP,ZCELVYQU,146542
TANNMIMB,AANGBULD,372221
TANNMIMB,ELQGMQWE,624431
TANNMIMB,HCDTGMST,77508
TANNMIMB,MBSBZBXA,4966017
TANNMIMB,NZKBIBNU,299583
TANNMIMB,PLMZALFA,30717
TANNMIMB,QSDCUCLB,30717
TANNMIMB,UGEQLMXM,222275
TANNMIMB,UQYUIVVR,6321125
TGOELCAG,DDEXPPXU,30717
TGOELCAG,FITUEHWN,71258
TGOELCAG,IGDVVKUD,36949
TGOELCAG,MIRCVAMV,68760
TGOELCAG,OJIFIHMZ,2668120
TGOELCAG,QSDCUCLB,30717
TGOELCAG,SNHYOVBM,341967
TGOELCAG,UGEQLMXM,222275
TGOELCAG,UIFPPCLR,99704
TGOELCAG,WPQXWHYO,15586126
UGEQLMXM,BEZYMBBT,3469321
UGEQLMXM,DDEXPPXU,30717
UGEQLMXM,FQCLOEXA,2218845
UGEQLMXM,FRHNWLNI,1303134
UGEQLMXM,KAGJCHMR,36949
UGEQLMXM,QJQJSWFU,135962
UGEQLMXM,WQMVCOEM,67735
UGEQLMXM,XIFHSOWQ,99704
UGEQLMXM,XIIEJNEE,82837
UGEQLMXM,YSYHGLQK,36949
UIFPPCLR,APQGTRMF,49588
UIFPPCLR,ATLDMDBO,36198491
UIFPPCLR,BJALXPFS,143525
UIFPPCLR,DBWLZWNK,196483
UIFPPCLR,FQCLOEXA,2218845
UIFPPCLR,FWUCPMMW,36949
UIFPPCLR,GKQIJYDH,10076701
UIFPPCLR,KFQSHBNH,11104915
UIFPPCLR,LRVGFDFM,13132212
UIFPPCLR,OXKURKXR,112591
UIFPPCLR,QJQJSWFU,135962
UIFPPCLR,QKXNTIIB,2430580
UIFPPCLR,QRKRBYJL,3154909
UIFPPCLR,RJCAXSGH,4779217
UIFPPCLR,RUVXNNVA,30717
UIFPPCLR,SAHWCZNH,2106377
UIFPPCLR,SDWAYPIK,5396042
UIFPPCLR,SNHYOVBM,341967
UIFPPCLR,STZDBITS,29055808
UIFPPCLR,VBYCLTYZ,293117
UIFPPCLR,WQMVCOEM,67735
UQYUIVVR,BTMOEMEP,9710981
UQYUIVVR,ELQGMQWE,624431
UQYUIVVR,GIKPEWTY,30717
UQYUIVVR,LPHPPJUG,1210984
UQYUIVVR,LTOYKIML,305347
UQYUIVVR,OJIFIHMZ,2668120
UQYUIVVR,OXKURKXR,112591
UQYUIVVR,PLMZALFA,30717
UQYUIVVR,QSDCUCLB,30717
UQYUIVVR,SAHWCZNH,2106377
UQYUIVVR,UIFPPCLR,99704
UQYUIVVR,VUAFAIYJ,731305
UXSPKBJR,BUZIIBYG,16049664
UXSPKBJR,DEWLVASR,324091
UXSPKBJR,FCYBOAXC,111140794
UXSPKBJR,FTSVTTSR,223004
UXSPKBJR,JPBRUTWP,5208150
UXSPKBJR,KJNSOAHR,11534267
UXSPKBJR,LPHPPJUG,1210984
UXSPKBJR,PYZMVUWD,36949
UXSPKBJR,RCBZUSIM,30717
UXSPKBJR,SAAYMURU,38486
UXSPKBJR,STZDBITS,29055808
UXSPKBJR,VMAQSTJE,95248
UXSPKBJR,VWMBASNE,112710
UXSPKBJR,XIPPENFQ,130029
UXSPKBJR,ZKENOUDA,330608
VBYCLTYZ,AHMDUILJ,123693
VBYCLTYZ,ANWUJOKX,30717
VBYCLTYZ,ATLDMDBO,36058045
VBYCLTYZ,BLANHGYY,67735
VBYCLTYZ,DBWLZWNK,196483
VBYCLTYZ,EVBVXETX,4984105
VBYCLTYZ,FITUEHWN,71258
VBYCLTYZ,FQCLOEXA,2218845
VBYCLTYZ,LPHPPJUG,1210984
VBYCLTYZ,RJGPVEXX,663400
VBYCLTYZ,TGOELCAG,236620
VBYCLTYZ,UGEQLMXM,222275
VBYCLTYZ,VUAFAIYJ,731305
VBYCLTYZ,XMKRPGLB,1583470
VBYCLTYZ,ZCELVYQU,146542
VMAQSTJE,AANGBULD,372221
VMAQSTJE,APQGTRMF,49588
VMAQSTJE,BLANHGYY,67735
VMAQSTJE,BSRMSVTC,292772
VMAQSTJE,BTMOEMEP,9710981
VMAQSTJE,DJBLNPNC,36949
VMAQSTJE,FITUEHWN,71258
VMAQSTJE,FQCLOEXA,2218845
VMAQSTJE,MIRCVAMV,68760
VMAQSTJE,RAWUKQMJ,3638272
VMAQSTJE,STZDBITS,29055808
VMAQSTJE,UQYUIVVR,6321125
VMAQSTJE,XMKRPGLB,1583470
VUAFAIYJ,AHMDUILJ,123693
VUAFAIYJ,ATLDMDBO,36359663
VUAFAIYJ,DBWLZWNK,196483
VUAFAIYJ,IGDVVKUD,36949
VUAFAIYJ,QSDCUCLB,30717
VUAFAIYJ,SAAYMURU,38486
VUAFAIYJ,SNHYOVBM,341967
VUAFAIYJ,SUOYXCHP,30717
VUAFAIYJ,TGOELCAG,236620
VUAFAIYJ,UGEQLMXM,222275
VUAFAIYJ,WPQXWHYO,15586126
VWMBASNE,NZKBIBNU,299583
VWMBASNE,OJIFIHMZ,2668120
VWMBASNE,OXKURKXR,112591
VWMBASNE,QRKRBYJL,3154909
VWMBASNE,STZDBITS,29055808
VWMBASNE,TGOELCAG,236620
VWMBASNE,WQMVCOEM,67735
VWMBASNE,ZGJXVMNI,3141992
VWMBASNE,ZKENOUDA,330608
WBLJNPZQ,AHMDUILJ,123693
WBLJNPZQ,ATLDMDBO,36693027
WBLJNPZQ,CCLHWFWF,19027743
WBLJNPZQ,DJBLNPNC,36949
WBLJNPZQ,MIRCVAMV,68760
WBLJNPZQ,OXKURKXR,112591
WBLJNPZQ,PLMZALFA,30717
WBLJNPZQ,QKXNTIIB,2430580
WBLJNPZQ,QRKRBYJL,3154909
WBLJNPZQ,QSDCUCLB,30717
WBLJNPZQ,TANNMIMB,30717
WBLJNPZQ,VUAFAIYJ,731305
WBLJNPZQ,ZCELVYQU,146542
WHPUAOID,APQGTRMF,49588
WHPUAOID,AXULOHBQ,77955
WHPUAOID,BLANHGYY,67735
WHPUAOID,DJBLNPNC,36949
WHPUAOID,GIKPEWTY,30717
WHPUAOID,GYHKIVQT,27698364
WHPUAOID,HXYSSRXE,5657758
WHPUAOID,LPHPPJUG,1210984
WHPUAOID,LRVGFDFM,13132212
WHPUAOID,LTOYKIML,305347
WHPUAOID,RJGPVEXX,663400
WHPUAOID,RUVXNNVA,30717
WHPUAOID,UQYUIVVR,6321125
WHPUAOID,UXSPKBJR,501377
WHPUAOID,VMAQSTJE,95248
WHPUAOID,VWMBASNE,112710
WHPUAOID,WBLJNPZQ,147116
WHPUAOID,XMKRPGLB,1583470
WPQXWHYO,AHMDUILJ,123693
WPQXWHYO,ANWUJOKX,30717
WPQXWHYO,BLANHGYY,67735
WPQXWHYO,DJBLNPNC,36949
WPQXWHYO,QSDCUCLB,30717
WPQXWHYO,RJGPVEXX,663400
WPQXWHYO,RUVXNNVA,30717
WPQXWHYO,TANNMIMB,30717
WPQXWHYO,UQYUIVVR,6321125
WPQXWHYO,VMAQSTJE,95248
WPQXWHYO,WBLJNPZQ,147116
WPQXWHYO,XIIEJNEE,82837
WPQXWHYO,XMKRPGLB,1583470
WQMVCOEM,LRVGFDFM,13132212
WQMVCOEM,RJGPVEXX,663400
WQMVCOEM,XIFHSOWQ,99704
XIFHSOWQ,ANWUJOKX,30717
XIFHSOWQ,FTSVTTSR,223004
XIFHSOWQ,GIKPEWTY,30717
XIFHSOWQ,JPBRUTWP,5208150
XIFHSOWQ,NAQIHUKZ,30717
XIFHSOWQ,OKMBFVKS,1307476
XIFHSOWQ,PLMZALFA,30717
XIFHSOWQ,RJGPVEXX,663400
XIFHSOWQ,ROACSLMG,2695250
XIFHSOWQ,SUOYXCHP,30717
XIIEJNEE,BLANHGYY,67735
XIIEJNEE,DEWLVASR,324091
XIIEJNEE,EVBVXETX,4984105
XIIEJNEE,FTSVTTSR,223004
XIIEJNEE,FWUCPMMW,36949
XIIEJNEE,HCDTGMST,77508
XIIEJNEE,KAGJCHMR,36949
XIIEJNEE,MBSBZBXA,4966017
XIIEJNEE,QJQJSWFU,135962
XIIEJNEE,SUOYXCHP,30717
XIIEJNEE,WHPUAOID,49866
XIIEJNEE,YSYHGLQK,36949
XIIEJNEE,ZKENOUDA,330608
XIPPENFQ,AANGBULD,372221
XIPPENFQ,AHMDUILJ,123693
XIPPENFQ,BEZYMBBT,3469321
XIPPENFQ,NZKBIBNU,299583
XIPPENFQ,QJQJSWFU,135962
XIPPENFQ,SAAYMURU,38486
XIPPENFQ,VMAQSTJE,95248
XIPPENFQ,XIFHSOWQ,99704
XIPPENFQ,ZCELVYQU,146542
XMKRPGLB,AHMDUILJ,123693
XMKRPGLB,BLANHGYY,67735
XMKRPGLB,BSRMSVTC,292772
XMKRPGLB,LTOYKIML,305347
XMKRPGLB,MIRCVAMV,68760
XMKRPGLB,OJIFIHMZ,2668120
XMKRPGLB,OXKURKXR,112591
XMKRPGLB,QKXNTIIB,2430580
XMKRPGLB,QVLMOEYE,1039401
XMKRPGLB,TANNMIMB,30717
XMKRPGLB,XIIEJNEE,82837
XMKRPGLB,XIPPENFQ,130029
XMKRPGLB,ZCELVYQU,146542
XMKRPGLB,ZGJXVMNI,3141992
XUOIQPFL,APQGTRMF,49588
XUOIQPFL,FITUEHWN,71258
XUOIQPFL,FQCLOEXA,2218845
XUOIQPFL,GIKPEWTY,30717
XUOIQPFL,QSDCUCLB,30717
YSYHGLQK,AANGBULD,372221
YSYHGLQK,BUZIIBYG,16049664
YSYHGLQK,JBVHSUWY,338035
YSYHGLQK,JERHKLYW,38336
YSYHGLQK,RAWUKQMJ,3638272
YSYHGLQK,SDWAYPIK,5396042
YSYHGLQK,UQYUIVVR,6321125
YSYHGLQK,XIFHSOWQ,99704
ZCELVYQU,APQGTRMF,49588
ZCELVYQU,BEZYMBBT,3469321
ZCELVYQU,FITUEHWN,71258
ZCELVYQU,FQCLOEXA,2218845
ZCELVYQU,GIKPEWTY,30717
ZCELVYQU,LRVGFDFM,13132212
ZCELVYQU,LUENUFGA,3773200
ZCELVYQU,QRKRBYJL,3154909
ZCELVYQU,QSDCUCLB,30717
ZCELVYQU,QVLMOEYE,1039401
ZCELVYQU,TGOELCAG,236620
ZCELVYQU,UGEQLMXM,222275
ZCELVYQU,UQYUIVVR,6321125
ZCELVYQU,UXSPKBJR,501377
ZGJXVMNI,AHMDUILJ,123693
ZGJXVMNI,BTMOEMEP,9710981
ZGJXVMNI,GIKPEWTY,30717
ZGJXVMNI,GKQIJYDH,10076701
ZGJXVMNI,HXYSSRXE,5657758
ZGJXVMNI,LTOYKIML,305347
ZGJXVMNI,OJIFIHMZ,2668120
ZGJXVMNI,OXKURKXR,112591
ZGJXVMNI,QVLMOEYE,1039401
ZGJXVMNI,SAHWCZNH,2106377
ZGJXVMNI,UGEQLMXM,222275
ZGJXVMNI,WHPUAOID,49866
ZGJXVMNI,WQMVCOEM,67735
ZKENOUDA,FRHNWLNI,1303134
ZKENOUDA,FTSVTTSR,223004
ZKENOUDA,LRVGFDFM,13098007
ZKENOUDA,PLMZALFA,30717
ZKENOUDA,SAAYMURU,38486
ZKENOUDA,SUOYXCHP,30717
ZKENOUDA,TANNMIMB,30717
ZKENOUDA,UQYUIVVR,6321125
ZXERAXWP,BLANHGYY,67735
ZXERAXWP,DBWLZWNK,196483
ZXERAXWP,DEWLVASR,324091
ZXERAXWP,DJBLNPNC,36949
ZXERAXWP,EVBVXETX,4984105
ZXERAXWP,FDXPMYGF,30717
ZXERAXWP,FQCLOEXA,2218845
ZXERAXWP,FTSVTTSR,223004
ZXERAXWP,GMBFCMIU,30717
ZXERAXWP,LRVGFDFM,13132212
ZXERAXWP,MIRCVAMV,68760
ZXERAXWP,SNHYOVBM,341967
ZXERAXWP,SUOYXCHP,30717
ZXERAXWP,TANNMIMB,30717
ZXERAXWP,UXSPKBJR,501377
ZXERAXWP,WPQXWHYO,15586126
ZXERAXWP,ZKENOUDA,330608
